{"stats":{"minecraft:mined":{"minecraft:grass_block":2,"regions_unexplored:windswept_grass":2,"minecraft:dirt":1},"minecraft:killed_by":{"minecraft:vindicator":1,"mutantmonsters:mutant_skeleton":1,"minecraft:player":1,"minecraft:pillager":1},"minecraft:picked_up":{"minecraft:dirt":3},"minecraft:custom":{"minecraft:jump":6,"minecraft:time_since_rest":3856,"minecraft:damage_dealt":8,"minecraft:damage_taken":1070,"minecraft:leave_game":3,"minecraft:play_time":13552,"minecraft:walk_one_cm":6841,"minecraft:time_since_death":3214,"minecraft:deaths":4,"minecraft:total_world_time":13552,"minecraft:fall_one_cm":209,"minecraft:fly_one_cm":1002}},"DataVersion":3465}