{"stats":{"minecraft:dropped":{"minecraft:iron_sword":2,"confluence:magic_quiver":1,"simplehats:spadesoldier":2,"create_sa:copper_pickaxe":2,"minecraft:dirt":5,"miners_delight:gossypium":18,"unusual_delight:spider_leg":4,"minecraft:iron_pickaxe":1,"minecraft:bone":1,"minecraft:stone_axe":1,"minecraft:sugar_cane":6,"scguns:rock_pouch":1,"minecraft:rotten_flesh":1,"vampirism:vampire_fang":1,"apotheosis:gem":2,"quark:feeding_trough":1,"vampirism:item_garlic":1,"copycats:copycat_slab":1,"minecraft:cobblestone":64,"regions_unexplored:argillite":5,"tide:fishing_journal":1,"minecraft:string":1,"minecraft:clay_ball":14,"confluence:eye_of_the_golem":1,"miners_delight:cave_carrot":1,"thermal:raw_nickel":2,"regions_unexplored:silt_dirt":1,"simplehats:greaser":1,"terramity:diamond_ring":1,"scguns:anthralite_nugget":1,"supplementaries:ash":21,"confluence:feral_claws":1,"scguns:phosphorite":1,"spelunkers_charm:deepslate_rock":6,"terramity:dr_binty":1,"born_in_chaos_v1:fused_bone":2,"minecraft:iron_axe":2,"minecraft:raw_copper":2,"aether:iron_gloves":1,"minecraft:spruce_log":2,"minecraft:stone_pickaxe":1,"minecraft:calcite":1},"minecraft:broken":{"minecraft:iron_boots":2,"minecraft:iron_chestplate":1,"minecraft:iron_leggings":3,"minecraft:chainmail_boots":1,"minecraft:diamond_pickaxe":1,"minecraft:iron_sword":4,"create_sa:copper_pickaxe":2,"aether:iron_gloves":1,"minecraft:chainmail_helmet":2,"minecraft:stone_hoe":1,"minecraft:iron_axe":4,"minecraft:iron_pickaxe":5,"minecraft:iron_shovel":1,"minecraft:stone_pickaxe":6,"cannibal:bone_mask":1,"minecraft:stone_shovel":4,"minecraft:diamond_chestplate":1,"minecraft:leather_chestplate":1},"minecraft:mined":{"create:copper_casing":1,"regions_unexplored:blue_lupine":61,"botania:red_mystical_flower":10,"create:andesite_casing":25,"supplementaries:flower_box":9,"thermal:tin_ore":26,"minecraft:obsidian":80,"minecraft:potted_dead_bush":3,"regions_unexplored:bleeding_heart":47,"minecraft:granite":67,"minecraft:stone_brick_wall":6,"minecraft:yellow_carpet":5,"minecraft:jungle_log":28,"spanishdelight:wild_garlic":8,"tfmg:nickel_ore":9,"minecraft:blue_wool":4,"vampirism:hunter_table":1,"minecraft:oxeye_daisy":15,"botania:light_gray_mystical_flower":2,"scguns:mechanical_press":2,"minecraft:chiseled_stone_bricks":2,"minecraft:spawner":8,"minecraft:potted_fern":2,"botania:purple_mystical_flower":5,"minecraft:magma_block":129,"regions_unexplored:pointed_redstone":1,"copycats:copycat_slab":6,"minecraft:fire":48,"minecraft:sticky_piston":2,"minecraft:cobbled_deepslate":1,"minecraft:barrel":7,"minecraft:pumpkin":1,"minecraft:fletching_table":1,"minecraft:deepslate_lapis_ore":14,"gemsnjewels:pale_diamond_deepslate_ore_block":2,"minecraft:potted_dandelion":2,"regions_unexplored:maple_leaf_pile":1,"minecraft:water_cauldron":3,"amendments:wall_lantern":1,"minecraft:pink_tulip":1,"scguns:phosphorite":17,"botania:brown_mystical_flower":11,"minecraft:blue_orchid":17,"botania:light_blue_mystical_flower":17,"regions_unexplored:silt_grass_block":3142,"regions_unexplored:prismoss":3,"etched:radio":5,"scguns:gun_shelf":1,"botania:green_mystical_flower":2,"samurai_dynasty:spirit_stone_base":64,"minecraft:brown_mushroom":8,"minecraft:potted_brown_mushroom":1,"minecraft:red_bed":6,"regions_unexplored:corpse_flower":2,"minecraft:amethyst_cluster":1,"minecraft:deepslate_tile_slab":133,"etched:album_jukebox":3,"born_in_chaos_v1:infected_deepslate_diamond_ore":1,"gemsnjewels:ruby_deepslate_ore_block":1,"minecraft:torch":14,"minecraft:note_block":1,"regions_unexplored:bladed_tall_grass":2,"minecraft:blast_furnace":2,"thermal:deepslate_lead_ore":34,"minecraft:sugar_cane":1,"decoration_delight:spruce_counter":4,"botania:black_mystical_flower":6,"regions_unexplored:tsubaki":55,"minecraft:amethyst_block":129,"regions_unexplored:pine_log":56,"minecraft:skeleton_skull":2,"regions_unexplored:hyssop":70,"samurai_dynasty:deepslate_silver_ore":30,"create:copycat_panel":36,"minecraft:jukebox":1,"minecraft:potted_poppy":1,"minecraft:wither_rose":3,"thermal:niter_ore":15,"minecraft:grass":688,"regions_unexplored:oak_shrub":11,"quark:feeding_trough":2,"delightful:mini_melon":1,"minecraft:loom":1,"minecraft:smooth_basalt":2,"tfmg:deepslate_lithium_ore":26,"minecraft:stonecutter":1,"minecraft:deepslate":454,"regions_unexplored:fireweed":18,"minecraft:suspicious_gravel":4,"thermal:deepslate_cinnabar_ore":3,"create:zinc_ore":28,"tfmg:fireproof_bricks":36,"samurai_dynasty:ruby_ore":4,"iceandfire:silver_ore":20,"botania:orange_double_flower":1,"samurai_dynasty:deepslate_aquamarine_ore":4,"gemsnjewels:sable_amethyst_deepslate_ore_block":6,"balloons_by_doriteam:air_block_drop":15,"regions_unexplored:dusktrap":1,"minecraft:dark_oak_fence":2,"minecraft:allium":85,"minecraft:spruce_fence":1,"born_in_chaos_v1:black_argillite_brick_wall":1,"regions_unexplored:poppy_bush":77,"thermal:machine_smelter":1,"samurai_dynasty:onyx_ore":7,"thermal:deepslate_nickel_ore":20,"create:encased_fan":4,"samurai_dynasty:aquamarine_ore":4,"regions_unexplored:argillite":50,"minecraft:redstone_ore":30,"create:shaft":6,"minecraft:andesite":587,"spelunkers_charm:deepslate_rock_pile_2":2,"morevillagers:hunting_post":1,"handcrafted:spruce_chair":11,"minecraft:cobblestone_slab":9,"minecraft:vine":16,"etched:etching_table":3,"create:chute":10,"minecraft:potted_spruce_sapling":1,"regions_unexplored:apple_oak_leaves":248,"regions_unexplored:ash_vent":1,"create:copycat_step":4,"minecraft:bamboo":3,"irons_spellbooks:inscription_table":1,"minecraft:white_wool":12,"regions_unexplored:bladed_grass":3,"samurai_dynasty:deepslate_onyx_ore":9,"fastpaintings:painting":11,"minecraft:green_wool":13,"minecraft:potted_allium":1,"regions_unexplored:felicia_daisy":4,"minecraft:smithing_table":1,"minecraft:redstone_block":4,"lootr:lootr_barrel":4,"decoration_delight:trash_bin":1,"quark:oak_chest":26,"minecraft:potted_lily_of_the_valley":1,"vampirism:altar_cleansing":1,"minecraft:stone_brick_slab":1,"minecraft:dandelion":13,"boh:kindness_flower":1,"minecraft:cornflower":24,"regions_unexplored:salmon_poppy_bush":107,"regions_unexplored:silt_dirt":1165,"minecraft:campfire":2,"minecraft:potted_oxeye_daisy":1,"minecraft:copper_ore":100,"minecraft:tall_grass":10,"minecraft:deepslate_gold_ore":47,"minecraft:diorite":36,"scguns:gun_bench":1,"regions_unexplored:prismarite_cluster":30,"create:water_wheel_structure":3,"minecraft:coarse_dirt":7,"create:gearbox":4,"minecraft:spruce_log":330,"minecraft:birch_leaves":6,"thermal:dynamo_stirling":1,"thermal:silver_ore":4,"botania:white_mystical_flower":8,"scguns:deepslate_anthralite_ore":44,"werewolves:deepslate_silver_ore":19,"minecraft:dripstone_block":66,"tfmg:deepslate_nickel_ore":24,"minecraft:gravel":117,"minecraft:cobweb":17,"minecraft:polished_blackstone":1,"minecraft:stone_bricks":39,"scguns:anthralite_ore":15,"regions_unexplored:tassel":23,"thermal:deepslate_sulfur_ore":6,"minecraft:fern":51,"thermal:deepslate_tin_ore":21,"miners_delight:wild_cave_carrots":24,"create:deepslate_zinc_ore":71,"minecraft:spruce_planks":416,"handcrafted:wood_crockery_combo":5,"thermal:sulfur_ore":5,"minecraft:cobblestone_stairs":32,"sophisticatedbackpacks:gold_backpack":1,"minecraft:potted_blue_orchid":1,"gemsnjewels:kunzite_ore_block":23,"decoration_delight:spruce_countertop":46,"minecraft:brewing_stand":1,"regions_unexplored:hanging_prismarite":40,"minecraft:stripped_crimson_hyphae":2,"minecraft:grass_block":6,"regions_unexplored:pine_shrub":3,"furniture:bin":1,"minecraft:polished_diorite":1,"minecraft:polished_blackstone_brick_slab":2,"regions_unexplored:argillite_grass_block":4,"regions_unexplored:white_trillium":32,"friendsandfoes:spruce_beehive":2,"minecraft:raw_iron_block":5,"gemsnjewels:dusk_emerald_deepslate_ore_block":1,"minecraft:glowstone":2,"minecraft:iron_ore":72,"born_in_chaos_v1:black_argillite_brick_stairs":1,"regions_unexplored:purple_lupine":11,"minecraft:anvil":2,"minecraft:azure_bluet":2,"minecraft:brown_bed":1,"create:asurine":4,"minecraft:red_tulip":6,"minecraft:pointed_dripstone":17,"morevillagers:blueprint_table":1,"minecraft:potted_cornflower":1,"regions_unexplored:larch_log":113,"spanishdelight:wild_green_pepper":1,"minecraft:spruce_slab":5,"bountiful:bountyboard":1,"minecraft:deepslate_redstone_ore":87,"botania:orange_mystical_flower":6,"regions_unexplored:silt_farmland":96,"minecraft:blackstone":151,"regions_unexplored:cave_hyssop":2,"regions_unexplored:red_lupine":9,"brewery:wooden_brewingstation":4,"decoration_delight:spruce_stool":3,"thermal:lead_ore":7,"minecraft:clay":159,"minecraft:calcite":59,"minecraft:poppy":3,"minecraft:chest":5,"tfmg:lead_ore":15,"supplementaries:wild_flax":1,"minecraft:cobblestone":60,"handcrafted:spruce_desk":2,"botania:blue_mystical_flower":5,"minecraft:oak_planks":51,"minecraft:grindstone":1,"botania:light_gray_double_flower":1,"minecraft:wall_torch":13,"brewery:silo_wood":10,"minecraft:deepslate_copper_ore":1,"create:large_water_wheel":3,"createdeco:iron_support":10,"boh:spinel_ore_ore":46,"minecraft:dark_oak_slab":1,"gemsnjewels:opal_deepslate_ore_block":4,"samurai_dynasty:deepslate_jade_ore":15,"samurai_dynasty:deepslate_ruby_ore":16,"minecraft:light_gray_wool":2,"born_in_chaos_v1:river_mint":1,"minecraft:tnt":2,"minecraft:orange_tulip":77,"samurai_dynasty:silver_ore":5,"minecraft:oak_log":1236,"vampirism:garlic_diffuser_improved":1,"minecraft:sand":90,"minecraft:dirt":39,"handcrafted:spruce_table":6,"thermal:nickel_ore":1,"create:encased_chain_drive":6,"balloons_by_doriteam:balloon_block":1,"regions_unexplored:prismoss_sprout":20,"minecraft:oak_leaves":1987,"werewolves:silver_ore":38,"scguns:sulfur_ore":21,"tfmg:fireclay":206,"minecraft:red_carpet":4,"minecraft:tuff":683,"minecraft:candle":3,"minecraft:potted_wither_rose":1,"minecraft:deepslate_diamond_ore":15,"minecraft:oak_door":1,"regions_unexplored:pink_lupine":29,"minecraft:mangrove_roots":1,"minecraft:glow_lichen":5,"minecraft:lever":1,"minecraft:ladder":1,"morevillagers:gardening_table":1,"minecraft:decorated_pot":1,"botania:brown_double_flower":1,"regions_unexplored:aster":11,"minecraft:spruce_leaves":3,"regions_unexplored:large_prismarite_cluster":4,"regions_unexplored:raw_redstone_block":63,"regions_unexplored:duskmelon":1,"morevillagers:woodworking_table":1,"minecraft:large_fern":20,"minecraft:hay_block":30,"minecraft:furnace":2,"create:framed_glass_pane":4,"copycats:copycat_stairs":8,"miners_delight:gossypium":1,"werewolves:wolfsbane":4,"thermal:dynamo_magmatic":1,"regions_unexplored:waratah":103,"minecraft:stripped_spruce_log":7,"minecraft:peony":3,"minecraft:polished_deepslate":1,"minecraft:bookshelf":52,"minecraft:deepslate_iron_ore":187,"regions_unexplored:medium_grass":781,"minecraft:stone":1349,"regions_unexplored:orange_maple_leaf_pile":3,"scguns:deepslate_sulfur_ore":86,"minecraft:white_tulip":70,"tfmg:deepslate_lead_ore":9,"farmersdelight:cooking_pot":1,"minecraft:podzol":5,"minecraft:flowering_azalea":2,"born_in_chaos_v1:marigolds":10,"minecraft:red_wool":12,"regions_unexplored:silver_birch_leaf_pile":2,"minecraft:basalt":16,"minecraft:polished_granite":1,"minecraft:oak_fence":26,"botania:yellow_double_flower":2,"minecraft:rose_bush":8,"minecraft:andesite_slab":1,"minecraft:lectern":1,"supplementaries:sack":8,"minecraft:lapis_ore":9,"regions_unexplored:daisy":16,"minecraft:polished_blackstone_brick_stairs":2,"botania:white_double_flower":1,"minecraft:air":7,"supplementaries:urn":27,"botania:pink_mystical_flower":1,"minecraft:spruce_stairs":16,"botania:cyan_mystical_flower":12,"quark:spruce_ladder":2,"thermal:deepslate_silver_ore":25,"regions_unexplored:red_maple_leaf_pile":2,"beachparty:mini_fridge":2,"minecraft:potted_azure_bluet":1,"minecraft:coal_ore":85,"botania:yellow_mystical_flower":9,"minecraft:cocoa":1,"minecraft:flower_pot":2,"minecraft:gray_carpet":6,"terramity:deepslate_iridescent_ore":12,"thermal:deepslate_niter_ore":1,"minecraft:terracotta":4,"minecraft:small_dripleaf":1,"minecraft:polished_andesite":64,"minecraft:mossy_stone_bricks":1,"create:andesite_encased_shaft":1,"paraglider:goddess_statue":1},"minecraft:killed_by":{"irons_spellbooks:priest":1,"scguns:sky_carrier":1,"boh:eyeless_jack":1,"born_in_chaos_v1:siamese_skeletons":1,"minecraft:zombie":5,"alexsmobs:grizzly_bear":5,"born_in_chaos_v1:scarlet_persecutor":3,"born_in_chaos_v1:lifestealer_true_form":2,"born_in_chaos_v1:restless_spirit":1,"born_in_chaos_v1:zombie_lumberjack":1,"mutantmonsters:mutant_skeleton":5,"born_in_chaos_v1:dread_hound":1,"minecraft:creeper":2,"born_in_chaos_v1:zombie_bruiser":5,"born_in_chaos_v1:corpse_fly":2,"iceandfire:sea_serpent":1,"alexsmobs:crocodile":2,"artifacts:mimic":1,"born_in_chaos_v1:door_knight_not_despawn":1,"royalvariations:royal_zombie":1,"iceandfire:fire_dragon":3,"boh:lifeform":1,"minecraft:spider":1,"vampirism:advanced_vampire_imob":2,"irons_spellbooks:necromancer":3,"minecraft:skeleton":6,"born_in_chaos_v1:corpse_fish":1,"iceandfire:troll":1,"werewolves:werewolf_survivalist":1},"minecraft:used":{"cannibal:bone_mask":3,"boh:backrooms_floor":1,"simplehats:hatdisplay":22,"minecraft:spruce_slab":12,"minecraft:stone":2,"minecraft:chest":12,"minecraft:rotten_flesh":2,"create_sa:copper_pickaxe":428,"regions_unexplored:argillite":3,"furniture:bin":1,"minecraft:stripped_spruce_log":7,"create:framed_glass_pane":9,"born_in_chaos_v1:smoked_flesh":12,"minecraft:lava_bucket":8,"minecraft:red_wool":16,"etched:etching_table":4,"supplementaries:bomb_blue":1,"balloons_by_doriteam:air_block_drop":1,"minecraft:bow":10,"create:shaft":13,"minecraft:furnace":4,"iceandfire:troll_weapon_hammer":3,"minecraft:diorite":3,"balloons_by_doriteam:balloon_block":1,"handcrafted:yellow_crockery_combo":4,"minecraft:infested_stone":25,"minecraft:blackstone":1,"minecraft:golden_apple":2,"minecraft:glow_berries":4,"minecraft:sand":1,"thermal:fluid_duct":1,"moblassos:golden_lasso":2,"spartanweaponry:diamond_scythe":169,"minecraft:oak_pressure_plate":6,"minecraft:polished_granite":1,"vampirism:garlic_bread":5,"vampirism:altar_cleansing":2,"farmersdelight:spruce_cabinet":2,"miners_delight:gossypium":2,"furniture:canvas":13,"minecraft:oak_trapdoor":1,"camera:image_frame":2,"create_enchantment_industry:disenchanter":1,"minecraft:polished_blackstone_brick_slab":2,"minecraft:enchanting_table":1,"brewery:wooden_brewingstation":5,"minecraft:torch":87,"minecraft:yellow_carpet":11,"minecraft:oak_fence_gate":2,"thermal:dynamo_stirling":3,"minecraft:iron_axe":838,"create:gearbox":5,"create:copycat_step":7,"beachparty:mini_fridge":3,"create:encased_chain_drive":10,"minecraft:barrel":13,"comforts:sleeping_bag_white":11,"minecraft:smooth_basalt":1,"scguns:gun_shelf":2,"farmersdelight:cooking_pot":1,"minecraft:basalt":5,"sophisticatedbackpacks:gold_backpack":3,"minecraft:cobbled_deepslate":13,"minecraft:calcite":11,"minecraft:wheat_seeds":1,"farmersdelight:iron_knife":157,"minecraft:water_bucket":81,"unusual_delight:spider_leg":2,"minecraft:lead":1,"etched:radio":4,"thermal:machine_pulverizer":1,"brewery:silo_wood":46,"minecraft:polished_blackstone_bricks":6,"handcrafted:spruce_desk":4,"regions_unexplored:corpse_flower":1,"copycats:copycat_slab":9,"create:encased_fan":7,"minecraft:crafting_table":7,"minecraft:oak_slab":6,"minecraft:red_bed":6,"minecraft:campfire":2,"minecraft:spruce_log":7,"minecraft:oak_log":163,"minecraft:diamond_pickaxe":3750,"regions_unexplored:apple_oak_sapling":2,"minecraft:diamond_shovel":998,"minecraft:iron_pickaxe":1746,"minecraft:suspicious_stew":1,"thermal:machine_smelter":1,"minecraft:cobblestone":190,"decoration_delight:spruce_countertop":56,"quark:oak_chest":38,"minecraft:brush":11,"minecraft:stripped_oak_log":25,"regions_unexplored:silt_dirt":263,"minecraft:iron_shovel":267,"minecraft:polished_deepslate":37,"farmersdelight:stove":2,"minecraft:iron_sword":833,"minecraft:shield":23,"quark:feeding_trough":6,"minecraft:iron_chestplate":1,"minecraft:carrot":12,"handcrafted:spruce_chair":12,"regions_unexplored:prismarite_cluster":5,"minecraft:deepslate_tile_slab":2,"minecraft:tuff":74,"minecraft:obsidian":19,"born_in_chaos_v1:corpse_maggot":1,"minecraft:bricks":9,"minecraft:lantern":15,"regions_unexplored:salmon_poppy_bush":7,"minecraft:green_wool":4,"etched:music_label":2,"regions_unexplored:poppy_bush":8,"regions_unexplored:ash_vent":1,"minecraft:stone_bricks":29,"createaddition:electric_motor":2,"minecraft:red_carpet":10,"farmersdelight:cutting_board":2,"design_decor:copper_gas_tank":1,"spartanweaponry:diamond_katana":264,"refinedstorage:disk_drive":1,"regions_unexplored:red_maple_leaf_pile":4,"scguns:gun_bench":1,"minecraft:stone_pickaxe":820,"minecraft:oak_planks":34,"minecraft:chainmail_helmet":5,"minecraft:sugar_cane":5,"minecraft:dripstone_block":2,"supplementaries:hat_stand":23,"minecraft:stone_brick_wall":10,"etched:album_jukebox":3,"minecraft:sponge":1,"supplementaries:flower_box":16,"minecraft:lever":4,"minecraft:bread":83,"scguns:flintlock_pistol":11,"create:andesite_casing":1,"copycats:copycat_stairs":17,"minecraft:deepslate":1,"create:asurine":1,"vampiresdelight:hardtack":1,"decoration_delight:trash_bin":2,"decoration_delight:spruce_counter":7,"mutantmonsters:mutant_skeleton_boots":1,"decoration_delight:spruce_stool":3,"minecraft:andesite":1,"create:vertical_gearbox":1,"minecraft:bone_meal":126,"minecraft:trident":5,"minecraft:flint_and_steel":7,"minecraft:oak_fence":31,"minecraft:rose_bush":1,"minecraft:stone_shovel":527,"minecraft:spruce_planks":46,"minecraft:stone_hoe":131,"minecraft:oak_door":2,"minecraft:dirt":65,"minecraft:spruce_stairs":29,"create:copycat_panel":44,"minecraft:iron_hoe":54,"handcrafted:wood_crockery_combo":5,"minecraft:granite":5,"handcrafted:spruce_table":11,"minecraft:spruce_fence":2,"tfmg:fireproof_bricks":59,"create:chute":16,"delightful:roasted_acorn":25,"minecraft:stone_brick_slab":5,"scguns:pax":108,"minecraft:bookshelf":16,"createdeco:iron_support":10,"minecraft:oak_stairs":2,"scguns:mechanical_press":3,"minecraft:polished_blackstone_brick_stairs":4,"minecraft:iron_boots":1,"minecraft:golden_carrot":1,"minecraft:iron_leggings":1,"thermal:machine_press":2,"minecraft:cobblestone_stairs":81,"supplementaries:sack":6,"farmersdelight:skillet":1,"minecraft:andesite_slab":1,"quark:abacus":36,"minecraft:polished_andesite":11,"minecraft:baked_potato":4,"minecraft:blue_wool":5,"minecraft:cobblestone_slab":16,"minecraft:stonecutter":2,"refinedstorage:black_crafting_grid":1,"minecraft:terracotta":2,"refinedstorage:gray_controller":1,"create_connected:centrifugal_clutch":1,"minecraft:painting":11,"regions_unexplored:orange_maple_leaf_pile":11,"minecraft:apple":74,"sawmill:sawmill":1,"regions_unexplored:dropleaf":6,"thermal:dynamo_magmatic":5,"minecraft:stone_axe":65,"create:large_water_wheel":9,"miners_delight:cave_carrot":31,"minecraft:fishing_rod":3,"quark:spruce_ladder":2,"minecraft:cobbled_deepslate_slab":2,"minecraft:bucket":91,"minecraft:chainmail_leggings":1},"minecraft:killed":{"scguns:swarm":2,"minecraft:cave_spider":1,"born_in_chaos_v1:mr_pumpkin":6,"born_in_chaos_v1:restless_spirit":3,"born_in_chaos_v1:zombie_lumberjack":6,"born_in_chaos_v1:skeleton_demoman":1,"alexsmobs:murmur":1,"royalvariations:royal_skeleton":1,"born_in_chaos_v1:siamese_skeletonsright":4,"born_in_chaos_v1:baby_skeleton_minion":4,"minecraft:skeleton":17,"scguns:cog_knight":4,"minecraft:chicken":1,"boh:eyeless_jack":1,"scguns:sky_carrier":1,"boh:rake":1,"mutantmonsters:mutant_skeleton":1,"minecraft:pillager":2,"minecraft:zombie":65,"born_in_chaos_v1:corpse_fly":21,"born_in_chaos_v1:door_knight":1,"minecraft:cow":8,"alexsmobs:raccoon":6,"illagerinvasion:marauder":1,"scguns:cog_minion":4,"born_in_chaos_v1:thornshell_crab":1,"scguns:redcoat":4,"terramity:cave_gnome":3,"balloons_by_doriteam:airballoon":16,"born_in_chaos_v1:spiritof_chaos":2,"minecraft:husk":1,"naturalist:bear":2,"minecraft:rabbit":2,"hamsters:hamster":1,"minecraft:wandering_trader":1,"born_in_chaos_v1:decrepit_skeleton":18,"terramity:green_fairy":3,"vampirism:vampire_imob":4,"born_in_chaos_v1:bloody_gadfly":1,"endermanoverhaul:cave_enderman":1,"alexsmobs:crocodile":1,"born_in_chaos_v1:dark_vortex":5,"scguns:dissident":1,"boh:jeff_the_killer":2,"minecraft:enderman":1,"born_in_chaos_v1:lifestealer_true_form":1,"vampirism:advanced_vampire_imob":2,"minecraft:spider":17,"born_in_chaos_v1:scarlet_persecutor":11,"boh:lifeform":1,"irons_spellbooks:summoned_skeleton":3,"boh:celebi":7,"artifacts:mimic":3,"born_in_chaos_v1:bonescaller":1,"minecraft:pig":1,"alexsmobs:grizzly_bear":3,"minecraft:zombie_villager":2,"born_in_chaos_v1:diamond_termite":2,"irons_spellbooks:necromancer":3,"minecraft:creeper":6,"minecraft:sheep":7,"minecraft:trader_llama":3,"born_in_chaos_v1:dread_hound":5,"born_in_chaos_v1:siamese_skeletonsleft":5,"terramity:pink_fairy":1,"irons_spellbooks:summoned_zombie":2,"born_in_chaos_v1:zombie_bruiser":4,"born_in_chaos_v1:maggot":31,"minecraft:phantom":4,"born_in_chaos_v1:corpse_fish":9,"terramity:blue_fairy":1,"born_in_chaos_v1:fallen_chaos_knight":2,"born_in_chaos_v1:baby_skeleton":5,"alexsmobs:skunk":1,"born_in_chaos_v1:swarmer":1,"iceandfire:troll":1,"born_in_chaos_v1:decaying_zombie":1,"born_in_chaos_v1:nightmare_stalker":1,"alexsmobs:crow":1,"scguns:hive":2},"minecraft:crafted":{"mutantmonsters:mutant_skeleton_leggings":1,"minecraft:smooth_stone":7,"minecraft:yellow_wool":6,"minecraft:dark_oak_pressure_plate":2,"minecraft:oak_pressure_plate":10,"scguns:rock_pouch":1,"thermal:copper_gear":2,"sophisticatedbackpacks:crafting_upgrade":1,"minecraft:lever":1,"handcrafted:yellow_crockery_combo":6,"minecraft:diamond_shovel":1,"minecraft:bookshelf":18,"delightful:roasted_acorn":25,"thermal:machine_frame":3,"create:vertical_gearbox":2,"tfmg:fireproof_bricks":67,"minecraft:glass":13,"etched:music_label":11,"minecraft:repeater":1,"minecraft:diamond_leggings":1,"minecraft:melon_seeds":3,"mutantmonsters:mutant_skeleton_boots":1,"minecraft:polished_blackstone":64,"botania:light_gray_petal":8,"create:cogwheel":39,"scguns:small_casing_mold":1,"decoration_delight:spruce_stool":3,"minecraft:wooden_shovel":1,"create:copycat_panel":12,"scguns:gun_magazine":1,"minecraft:emerald":12,"farmersdelight:iron_knife":1,"scguns:pistol_ammo_box":1,"minecraft:copper_ingot":240,"cuisinedelight:plate":16,"minecraft:campfire":4,"scguns:anthralite_ingot":27,"create:encased_chain_drive":12,"minecraft:painting":5,"vinery:taiga_grape_seeds_red":1,"create:gearbox":9,"create:encased_fan":4,"etched:etching_table":1,"thermal:servo_attachment":2,"thermal:tin_gear":3,"thermal:redstone_servo":1,"camera:camera":1,"scguns:mechanical_press":1,"scguns:blank_mold":3,"quark:oak_chest":40,"scguns:medium_scope":1,"minecraft:iron_pickaxe":7,"minecraft:iron_block":3,"handcrafted:wood_crockery_combo":2,"minecraft:gold_ingot":150,"create:propeller":4,"terramity:diamond_gauntlet":1,"brewery:wooden_brewingstation":1,"etched:radio":1,"minecraft:polished_blackstone_bricks":64,"thermal:tin_ingot":17,"quark:abacus":1,"design_decor:copper_gas_tank":1,"sophisticatedbackpacks:deposit_upgrade":2,"sawmill:sawmill":1,"thermal:iron_gear":2,"furniture:wooden_planter":3,"handcrafted:terracotta_cup":6,"minecraft:stone_shovel":4,"minecraft:smooth_stone_slab":60,"minecraft:iron_nugget":648,"comforts:sleeping_bag_white":1,"sophisticatedbackpacks:stack_upgrade_tier_1":1,"minecraft:bone_meal":126,"minecraft:spruce_fence":3,"thermal:invar_ingot":8,"handcrafted:spruce_chair":6,"moblassos:golden_lasso":2,"minecraft:lantern":15,"minecraft:spruce_stairs":3,"minecraft:spruce_slab":564,"minecraft:stone_pickaxe":10,"minecraft:diamond_boots":1,"minecraft:redstone_block":35,"thermal:invar_dust":21,"minecraft:dark_oak_planks":4,"create_sa:copper_pickaxe":4,"minecraft:wheat":72,"brewery:silo_wood":36,"copycats:copycat_slab":8,"scguns:firing_unit":1,"scguns:gun_shelf":2,"minecraft:polished_blackstone_brick_slab":6,"quark:feeding_trough":4,"minecraft:enchanting_table":1,"scguns:wooden_stock":1,"sophisticatedbackpacks:advanced_tool_swapper_upgrade":1,"sophisticatedbackpacks:gold_backpack":2,"thermal:tin_nugget":9,"farmersdelight:spruce_cabinet":2,"minecraft:red_carpet":9,"minecraft:deepslate_tiles":384,"minecraft:orange_dye":1,"minecraft:oak_fence_gate":2,"supplementaries:hat_stand":54,"thermal:lead_ingot":10,"minecraft:gunpowder":2,"minecraft:oak_stairs":20,"minecraft:wooden_axe":1,"minecraft:armor_stand":1,"camera:image_frame":1,"create:shaft":264,"minecraft:note_block":1,"furniture:bin":2,"simplehats:hatdisplay":23,"mca:rose_gold_block":1,"minecraft:oak_planks":1072,"minecraft:cobblestone_slab":36,"minecraft:barrel":7,"minecraft:melon_slice":3,"create:copycat_step":4,"minecraft:stone":35,"tfmg:fireproof_brick":128,"minecraft:green_dye":6,"mutantmonsters:mutant_skeleton_arms":1,"minecraft:stone_brick_slab":6,"scguns:gunpowder_dust":192,"vinery:dark_cherry_sapling":1,"minecraft:bow":1,"minecraft:chest":24,"thermal:machine_pulverizer":1,"minecraft:copper_block":8,"mutantmonsters:mutant_skeleton_rib_cage":1,"scguns:gun_bench":1,"minecraft:bricks":31,"minecraft:stone_hoe":1,"createbigcannons:gunpowder_pinch":18,"minecraft:stone_bricks":208,"minecraft:oak_fence":63,"scguns:gun_parts_mold":1,"minecraft:raw_iron_block":21,"decoration_delight:spruce_countertop":70,"farmersdelight:stove":2,"minecraft:oak_slab":30,"furniture:canvas":1,"scguns:gun_grip":1,"spartanweaponry:diamond_scythe":1,"beachparty:mini_fridge":1,"minecraft:crafting_table":8,"minecraft:spruce_planks":530,"minecraft:wooden_pickaxe":1,"decoration_delight:trash_bin":1,"create:zinc_nugget":225,"minecraft:red_wool":15,"create:sand_paper":2,"minecraft:gold_block":5,"minecraft:pumpkin_seeds":4,"farmersdelight:skillet":1,"sophisticatedbackpacks:upgrade_base":5,"farmersdelight:cutting_board":2,"createdeco:iron_support":4,"minecraft:spruce_trapdoor":12,"minecraft:paper":26,"minecraft:charcoal":6,"minecraft:diamond_pickaxe":2,"minecraft:yellow_dye":13,"create:water_wheel":4,"minecraft:stick":184,"minecraft:light_blue_dye":1,"minecraft:iron_ingot":266,"minecraft:polished_blackstone_brick_stairs":4,"minecraft:redstone_torch":6,"scguns:gun_barrel":2,"minecraft:deepslate_bricks":384,"minecraft:deepslate_tile_slab":660,"create:chute":64,"minecraft:wooden_sword":1,"minecraft:oak_door":3,"minecraft:raw_iron":72,"minecraft:stone_brick_wall":6,"sophisticatedbackpacks:tool_swapper_upgrade":1,"etched:album_cover":1,"minecraft:furnace":5,"minecraft:stone_button":1,"minecraft:blast_furnace":1,"minecraft:piston":3,"sophisticatedbackpacks:stack_upgrade_starter_tier":1,"minecraft:oak_trapdoor":6,"thermal:fluid_duct":4,"minecraft:glass_pane":16,"minecraft:flint_and_steel":1,"mutantmonsters:mutant_skeleton_chestplate":1,"decoration_delight:spruce_counter":4,"minecraft:polished_deepslate":448,"etched:blank_music_disc":7,"minecraft:iron_axe":3,"minecraft:iron_hoe":2,"handcrafted:spruce_desk":2,"sophisticatedbackpacks:stack_upgrade_tier_2":1,"create:framed_glass_pane":96,"thermal:machine_smelter":1,"sophisticatedbackpacks:iron_backpack":2,"minecraft:red_dye":17,"handcrafted:terracotta_crockery_combo":6,"create:andesite_alloy":154,"spartanweaponry:pole":4,"thermal:constantan_gear":2,"create_enchantment_industry:disenchanter":1,"thermal:invar_gear":2,"spartanweaponry:diamond_katana":1,"thermal:machine_press":1,"scguns:sulfur_block":14,"minecraft:yellow_carpet":9,"scguns:empty_casing_pouch":1,"minecraft:iron_sword":1,"create:large_water_wheel":4,"spartanweaponry:handle":4,"quark:spruce_ladder":12,"minecraft:bucket":1,"minecraft:stone_axe":1,"minecraft:bread":30,"minecraft:air":520,"minecraft:blue_dye":4,"handcrafted:spruce_table":10,"minecraft:white_wool":1,"supplementaries:flower_box":10,"minecraft:raw_gold":90,"scguns:extended_barrel":1,"minecraft:blue_wool":3,"handcrafted:terracotta_plate":6,"minecraft:stonecutter":1,"etched:album_jukebox":1,"hammerlib:wrench":1,"minecraft:acacia_planks":8,"minecraft:torch":92,"thermal:rf_coil":4,"create:zinc_ingot":25,"thermal:dynamo_stirling":1,"minecraft:clay":20,"minecraft:lapis_block":9,"minecraft:diamond_chestplate":1},"minecraft:picked_up":{"regions_unexplored:pointed_redstone":13,"minecraft:iron_chestplate":1,"minecraft:anvil":2,"minecraft:chainmail_boots":2,"minecraft:creeper_head":3,"minecraft:flower_pot":19,"minecraft:lead":8,"simplehats:greaser":2,"terramity:fairy_dust":5,"minecraft:smithing_table":1,"quark:spruce_ladder":1,"regions_unexplored:silt_dirt":4233,"minecraft:brown_bed":1,"born_in_chaos_v1:black_argillite_brick_wall":1,"minecraft:enchanted_book":2,"minecraft:wither_rose":4,"minecraft:infested_stone":25,"minecraft:amethyst_block":257,"minecraft:brewing_stand":1,"paraglider:goddess_statue":1,"vampirism:holy_water_bottle_normal":1,"minecraft:string":40,"minecraft:polished_deepslate":1,"scguns:raw_anthralite":40,"minecraft:polished_blackstone_brick_stairs":2,"cannibal:bone_mask":5,"decoration_delight:trash_bin":1,"botania:light_gray_double_flower":1,"minecraft:gold_nugget":8,"minecraft:cobbled_deepslate":533,"regions_unexplored:pine_log":56,"minecraft:spruce_planks":28,"furniture:canvas":12,"regions_unexplored:larch_log":113,"unusual_delight:soul":3,"scguns:gun_shelf":1,"regions_unexplored:pine_shrub":3,"minecraft:mangrove_log":2,"minecraft:polished_blackstone_brick_slab":2,"minecraft:jukebox":1,"born_in_chaos_v1:shattered_skull":2,"minecraft:acacia_log":4,"create:andesite_casing":25,"confluence:eye_of_the_golem":1,"simplehats:bigeyes":1,"simplehats:spiderweb":1,"morevillagers:hunting_post":1,"vampirism:amulet":2,"born_in_chaos_v1:black_argillite_brick_stairs":1,"minecraft:cauldron":3,"mutantmonsters:mutant_skeleton_pelvis":1,"botania:white_mystical_flower":8,"vampirism:hunter_table":1,"simplehats:camerabeard":1,"minecraft:stone_sword":1,"vampirism:blood_bottle":2,"botania:orange_double_flower":1,"simplehats:flies":1,"create:copper_casing":1,"minecraft:red_tulip":6,"farmersdelight:rope":14,"supplementaries:ash":60,"minecraft:birch_log":1,"minecraft:magma_block":130,"minecraft:feather":4,"minecraft:cooked_beef":1,"born_in_chaos_v1:spiritual_dust":3,"minecraft:jungle_log":32,"terramity:dr_binty":1,"minecraft:flint":10,"scguns:compact_advanced_round":5,"artifacts:flippers":1,"minecraft:lantern":3,"botania:white_double_flower":1,"simplehats:hatbag_epic":1,"create:encased_chain_drive":6,"born_in_chaos_v1:marigolds":10,"boh:exotic_soul":5,"minecraft:stonecutter":1,"delightful:mini_melon":1,"scguns:grapeshot":14,"gemsnjewels:pale_diamond":1,"create_sa:copper_pickaxe":1,"create:shaft":7,"artifacts:antidote_vessel":1,"simplehats:hatbag_uncommon":8,"minecraft:rabbit":2,"minecraft:glowstone_dust":7,"regions_unexplored:dropleaf":6,"minecraft:honeycomb":5,"botania:red_mystical_flower":10,"miners_delight:gossypium":27,"alexsmobs:crocodile_egg":2,"royalvariations:royal_bone":1,"create:copycat_panel":36,"minecraft:stripped_spruce_log":67,"sophisticatedbackpacks:iron_backpack":1,"minecraft:loom":1,"minecraft:dark_oak_log":8,"regions_unexplored:pink_lupine":29,"minecraft:barrel":11,"thermal:dynamo_stirling":1,"minecraft:polished_andesite":64,"regions_unexplored:hyssop":69,"minecraft:deepslate":1,"decoration_delight:spruce_countertop":46,"minecraft:lever":3,"minecraft:granite":64,"minecraft:chainmail_helmet":1,"minecraft:bread":10,"iceandfire:troll_leather_forest":4,"born_in_chaos_v1:rotten_fish":2,"simplehats:jackohat":1,"minecraft:bricks":3,"morevillagers:blueprint_table":1,"minecraft:dark_oak_fence":1,"iceandfire:raw_silver":28,"sophisticatedbackpacks:gold_backpack":1,"unusual_delight:spider_leg":35,"minecraft:coarse_dirt":6,"minecraft:clay_ball":728,"born_in_chaos_v1:seedof_chaos":6,"vampirism:heart_striker_enhanced":1,"morevillagers:woodworking_table":1,"simplehats:hatdisplay":3,"tfmg:raw_nickel":38,"minecraft:cornflower":25,"scguns:small_copper_casing":67,"minecraft:red_bed":7,"thermal:raw_nickel":32,"regions_unexplored:poppy_bush":74,"camera:image_frame":2,"simplehats:dangereqsue":1,"minecraft:netherite_scrap":4,"morevillagers:gardening_table":1,"minecraft:beef":15,"regions_unexplored:maple_leaf_pile":2,"werewolves:bone_necklace":1,"thermal:niter":21,"born_in_chaos_v1:gnawed_bones":1,"scguns:ancient_brass":25,"minecraft:jungle_sapling":9,"minecraft:poppy":3,"minecraft:spruce_slab":6,"copycats:copycat_stairs":8,"minecraft:chest":4,"supplementaries:rope":1,"simplehats:vikinghatbeard":1,"minecraft:raw_copper_block":6,"minecraft:egg":2,"handcrafted:spruce_desk":2,"minecraft:oak_door":1,"minecraft:raw_gold_block":7,"minecraft:stone":27,"simplehats:hatbag_common":11,"sophisticatedbackpacks:backpack":1,"minecraft:spruce_fence":1,"werewolves:raw_silver":118,"farmersdelight:tomato_seeds":4,"etched:album_jukebox":3,"born_in_chaos_v1:pieceofdarkmetal":16,"minecraft:carrot":9,"minecraft:redstone":110,"minecraft:tnt":14,"simplehats:spadesoldier":3,"regions_unexplored:felicia_daisy":4,"terramity:diamond_ring":1,"minecraft:diamond_chestplate":1,"scguns:rock_pouch":1,"simplehats:burgerhat":1,"thermal:machine_smelter":1,"minecraft:beetroot_seeds":6,"minecraft:peony":17,"botania:blue_mystical_flower":5,"minecraft:hay_block":30,"furniture:bin":1,"botania:green_mystical_flower":2,"minecraft:mutton":11,"etched:etching_table":3,"born_in_chaos_v1:spiny_shell":4,"regions_unexplored:purple_lupine":11,"minecraft:glow_berries":2,"bountiful:bountyboard":1,"minecraft:bone_block":27,"minecraft:white_wool":18,"minecraft:oxeye_daisy":16,"minecraft:rail":7,"minecraft:stripped_oak_log":25,"copycats:copycat_slab":7,"born_in_chaos_v1:monster_flesh":7,"tfmg:raw_lithium":25,"samurai_dynasty:jade":4,"minecraft:fern":2,"minecraft:red_mushroom":3,"spelunkers_charm:old_miners_bundle":1,"scguns:phosphorite":16,"minecraft:oak_log":1141,"minecraft:golden_boots":1,"mutantmonsters:mutant_skeleton_limb":8,"minecraft:white_banner":1,"regions_unexplored:waratah":103,"regions_unexplored:aster":11,"simplehats:doctorhat":1,"minecraft:apple":78,"minecraft:stone_bricks":38,"farmersdelight:cooking_pot":1,"minecraft:stone_pickaxe":1,"minecraft:cobweb":3,"thermal:invar_dust":26,"minecraft:iron_sword":5,"balloons_by_doriteam:balloon_block":2,"minecraft:flowering_azalea":2,"minecraft:smooth_basalt":2,"minecraft:dark_oak_slab":2,"brewery:silo_wood":10,"minecraft:red_wool":10,"born_in_chaos_v1:ethereal_spirit":16,"regions_unexplored:oak_shrub":12,"minecraft:gravel":108,"minecraft:spruce_sapling":1,"minecraft:spruce_log":337,"simplehats:round_red_wig":1,"create:gearbox":4,"minecraft:leather_helmet":1,"gemsnjewels:sable_amethyst":2,"regions_unexplored:cave_hyssop":1,"simplehats:hatbag_halloween":5,"minecraft:slime_ball":5,"regions_unexplored:fireweed":18,"minecraft:stone_axe":1,"botania:orange_mystical_flower":6,"scguns:gun_bench":1,"minecraft:painting":11,"minecraft:gray_wool":1,"minecraft:baked_potato":4,"botania:brown_mystical_flower":11,"minecraft:mangrove_propagule":1,"minecraft:ender_pearl":3,"irons_spellbooks:scroll":1,"simplehats:chefshat":1,"minecraft:wheat":58,"simplehats:hatbag_rare":3,"minecraft:redstone_block":39,"illagerinvasion:platinum_chunk":2,"iceandfire:troll_weapon_hammer":1,"handcrafted:wood_crockery_combo":5,"supplementaries:bomb_blue":1,"minecraft:sentry_armor_trim_smithing_template":2,"aether:iron_gloves":1,"boh:spinel":45,"born_in_chaos_v1:bloody_gadfly_eye":1,"confluence:climbing_claws":1,"minecraft:lapis_block":9,"regions_unexplored:prismarite_cluster":23,"mutantmonsters:mutant_skeleton_skull":1,"minecraft:raw_copper":87,"minecraft:iron_leggings":4,"minecraft:sticky_piston":2,"minecraft:netherite_ingot":1,"minecraft:zombie_head":6,"minecraft:experience_bottle":38,"thermal:sulfur":86,"irons_spellbooks:arcane_essence":5,"minecraft:activator_rail":3,"etched:radio":5,"delightful:acorn":33,"comforts:sleeping_bag_white":11,"simplehats:tricorne":1,"minecraft:white_tulip":76,"minecraft:rose_bush":8,"samurai_dynasty:raw_silver":58,"minecraft:cobblestone_slab":10,"minecraft:calcite":97,"samurai_dynasty:onyx":7,"minecraft:iron_pickaxe":1,"alexsmobs:raccoon_tail":1,"delightful:green_tea_leaf":19,"irons_spellbooks:inscription_table":1,"farmersdelight:cabbage_seeds":4,"minecraft:furnace":2,"minecraft:blue_wool":4,"minecraft:stick":118,"apotheosis:gem":20,"tfmg:fireproof_bricks":46,"regions_unexplored:corpse_flower":1,"minecraft:oak_fence":25,"thermal:raw_lead":50,"minecraft:torch":60,"botania:yellow_mystical_flower":9,"minecraft:spruce_stairs":17,"minecraft:porkchop":2,"gemsnjewels:opal":6,"werewolves:wolfsbane":4,"create:framed_glass":3,"minecraft:pointed_dripstone":40,"minecraft:diorite":36,"vampirism:vampire_fang":3,"born_in_chaos_v1:nightmare_claw":1,"regions_unexplored:daisy":16,"confluence:ranger_emblem":1,"regions_unexplored:argillite":54,"etched:etched_music_disc":6,"minecraft:rotten_flesh":155,"regions_unexplored:tsubaki":55,"botania:light_gray_mystical_flower":2,"farmersdelight:tree_bark":85,"minecraft:green_wool":10,"create:asurine":4,"mutantmonsters:mutant_skeleton_shoulder_pad":2,"unusual_delight:raw_phantom_meat":4,"minecraft:obsidian":80,"regions_unexplored:golden_larch_sapling":4,"minecraft:cobblestone":1488,"create:copycat_step":4,"minecraft:leather_chestplate":1,"vampirism:vampire_book":1,"delightful:animal_fat":21,"minecraft:andesite":587,"minecraft:potato":2,"alexsmobs:bear_fur":6,"minecraft:tuff":468,"paraglider:spirit_orb":10,"supplementaries:flax_seeds":21,"simplehats:explorerhat":1,"create:raw_zinc":112,"simplehats:disguise":1,"supplementaries:flute":1,"minecraft:dirt":34,"tfmg:raw_lead":17,"minecraft:lapis_lazuli":17,"minecraft:polished_granite":1,"spanishdelight:green_pepper":3,"minecraft:name_tag":1,"handcrafted:spruce_chair":11,"born_in_chaos_v1:monster_skin":8,"culturaldelights:glow_squid":2,"minecraft:glass":2,"minecraft:bone":100,"botania:cyan_mystical_flower":12,"minecraft:orange_tulip":77,"decoration_delight:spruce_stool":3,"botania:pink_mystical_flower":1,"minecraft:bow":3,"minecraft:wheat_seeds":335,"minecraft:raw_gold":66,"botania:purple_mystical_flower":5,"minecraft:bell":1,"vampirism:item_garlic":1,"minecraft:bamboo":4,"minecraft:grindstone":1,"minecraft:fletching_table":1,"minecraft:powered_rail":1,"scguns:sulfur_chunk":162,"minecraft:mossy_stone_bricks":1,"camera:image":1,"minecraft:oak_planks":47,"simplehats:rgbeasterhead":1,"thermal:raw_tin":43,"quark:feeding_trough":3,"botania:yellow_double_flower":2,"scguns:copper_blueprint":1,"minecraft:oak_pressure_plate":3,"minecraft:sand":90,"simplehats:ranahat":1,"minecraft:dead_bush":3,"minecraft:lily_of_the_valley":1,"simplehats:hockeymask":1,"tfmg:fireclay_ball":836,"minecraft:yellow_carpet":5,"minecraft:diamond":2,"endersdelight:enderman_sight":2,"waystones:waystone":2,"minecraft:bone_meal":1,"minecraft:emerald":22,"werewolves:cracked_bone":2,"minecraft:oak_sapling":141,"minecraft:andesite_slab":1,"regions_unexplored:apple_oak_sapling":11,"minecraft:chicken":1,"minecraft:fishing_rod":1,"minecraft:cocoa_beans":3,"minecraft:charcoal":2,"minecraft:allium":91,"born_in_chaos_v1:diamond_termite_shard":1,"minecraft:azure_bluet":3,"minecraft:ladder":2,"botania:brown_double_flower":1,"born_in_chaos_v1:river_mint":2,"thermal:raw_silver":44,"spartanweaponry:husk_head":1,"minecraft:turtle_helmet":1,"spelunkers_charm:deepslate_rock":12,"minecraft:brown_mushroom":11,"minecraft:wooden_pickaxe":1,"thermal:cinnabar":10,"minecraft:stone_brick_wall":6,"regions_unexplored:white_trillium":32,"etched:album_cover":1,"minecraft:chain":1,"minecraft:shield":1,"regions_unexplored:red_maple_leaf_pile":4,"minecraft:brick":4,"thermal:iron_dust":14,"minecraft:iron_axe":2,"simplehats:demoneyes":1,"miners_delight:cave_carrot":32,"minecraft:blackstone":151,"create:chute":7,"boh:demonic_soul":5,"minecraft:blue_orchid":18,"terramity:accursed_soul":26,"regions_unexplored:duskmelon_slice":3,"minecraft:candle":11,"boh:liver":1,"minecraft:sugar_cane":17,"minecraft:lectern":1,"minecraft:light_gray_wool":2,"regions_unexplored:bleeding_heart":47,"minecraft:dark_oak_sapling":5,"minecraft:raw_iron":44,"minecraft:stripped_crimson_hyphae":2,"thermal:dynamo_magmatic":1,"iceandfire:troll_tusk":2,"regions_unexplored:ash_vent":1,"regions_unexplored:silver_birch_leaf_pile":7,"simplehats:bigbrain":1,"minecraft:copper_ingot":61,"minecraft:note_block":1,"regions_unexplored:blue_lupine":61,"tide:fishing_journal":1,"gemsnjewels:kunzite":46,"minecraft:polished_blackstone_bricks":21,"minecraft:trident":1,"decoration_delight:spruce_counter":4,"balloons_by_doriteam:air_block_drop":1,"supplementaries:flower_box":9,"alexsmobs:crocodile_scute":2,"minecraft:dark_oak_planks":1,"regions_unexplored:silt_grass_block":1,"scguns:flintlock_pistol":1,"minecraft:arrow":27,"artifacts:cowboy_hat":1,"mutantmonsters:mutant_skeleton_rib":6,"minecraft:pink_tulip":1,"minecraft:saddle":4,"minecraft:skeleton_skull":5,"born_in_chaos_v1:fused_bone":6,"born_in_chaos_v1:corpse_maggot":30,"vampirism:garlic_diffuser_improved":1,"supplementaries:hat_stand":23,"minecraft:basalt":27,"regions_unexplored:hanging_prismarite":55,"minecraft:leather":21,"simplehats:astronaut":1,"table_top_craft:chess_piece_figure":3,"confluence:feral_claws":1,"brewery:wooden_brewingstation":4,"regions_unexplored:red_lupine":9,"regions_unexplored:salmon_poppy_bush":104,"minecraft:cobblestone_stairs":32,"minecraft:gunpowder":11,"scguns:pebbles":2,"regions_unexplored:tassel":33,"minecraft:heart_pottery_sherd":1,"minecraft:deepslate_tile_slab":133,"botania:black_mystical_flower":6,"scguns:anthralite_nugget":21,"botania:light_blue_mystical_flower":17,"minecraft:red_carpet":3,"scguns:powder_and_ball":5,"minecraft:coast_armor_trim_smithing_template":1,"handcrafted:spruce_table":6,"boh:kindness_flower":1,"minecraft:gray_carpet":6,"minecraft:rabbit_hide":3,"minecraft:iron_ingot":16,"confluence:magic_quiver":2,"beachparty:mini_fridge":2,"vampirism:altar_cleansing":1,"vampirism:holy_water_bottle_ultimate":1,"minecraft:acacia_sapling":2,"simplehats:pika_ears":1,"regions_unexplored:orange_maple_leaf_pile":11,"minecraft:book":156,"scguns:advanced_round":3,"create:large_water_wheel":6,"spanishdelight:garlic":30,"minecraft:pumpkin":1,"supplementaries:sack":8,"minecraft:chiseled_stone_bricks":2,"minecraft:stone_brick_slab":1,"createdeco:iron_support":10,"minecraft:dandelion":15,"minecraft:dripstone_block":66,"minecraft:raw_iron_block":5,"born_in_chaos_v1:dark_rod":6,"minecraft:blast_furnace":2,"simplehats:longfoxears":1,"friendsandfoes:spruce_beehive":2,"quark:oak_chest":30,"terramity:iridescent_shard":31,"minecraft:spider_eye":4,"simplehats:beaniespooky":1,"scguns:mechanical_press":2,"samurai_dynasty:spirit_stone_base":64,"create:encased_fan":4,"minecraft:chainmail_leggings":2,"simplehats:headbolts":1,"minecraft:terracotta":9,"minecraft:coal":62,"minecraft:wooden_axe":1},"minecraft:custom":{"minecraft:interact_with_crafting_table":97,"minecraft:open_barrel":93,"goblintraders:trade_with_goblin":276,"minecraft:leave_game":7,"minecraft:time_since_death":166810,"minecraft:damage_blocked_by_shield":480,"minecraft:play_time":1293767,"minecraft:deaths":74,"minecraft:jump":8272,"minecraft:interact_with_furnace":129,"minecraft:traded_with_villager":2,"minecraft:sleep_in_bed":64,"minecraft:damage_dealt":77368,"minecraft:interact_with_smoker":4,"minecraft:horse_one_cm":151272,"vampirism:amount_bitten":16,"minecraft:damage_dealt_absorbed":314,"minecraft:sneak_time":11945,"vampirism:blood_drunk":1200,"minecraft:total_world_time":1321811,"vampirism:interact_with_garlic_diffuser":3,"minecraft:interact_with_stonecutter":25,"minecraft:time_since_rest":113176,"minecraft:swim_one_cm":62038,"minecraft:fly_one_cm":1662862,"minecraft:open_chest":493,"minecraft:fall_one_cm":172537,"lootr:looted_stat":125,"minecraft:animals_bred":5,"minecraft:damage_resisted":527,"minecraft:sprint_one_cm":2171613,"minecraft:drop":61,"minecraft:play_noteblock":1,"minecraft:talked_to_villager":3,"minecraft:interact_with_brewingstand":1,"minecraft:walk_on_water_one_cm":76963,"vampirism:interact_with_research_table":1,"minecraft:interact_with_loom":1,"minecraft:player_kills":1,"minecraft:crouch_one_cm":20941,"minecraft:mob_kills":389,"minecraft:damage_dealt_resisted":3111,"minecraft:climb_one_cm":16360,"minecraft:walk_one_cm":3495291,"vampirism:skills_unlocked":1,"minecraft:walk_under_water_one_cm":46874,"spartanshields:shield_bash_hits":2,"minecraft:damage_taken":120861,"minecraft:damage_absorbed":40}},"DataVersion":3465}