{
  "undergarden:undergarden/root": {
    "criteria": {
      "tick": "2024-10-28 22:41:10 +0100"
    },
    "done": true
  },
  "minecraft:recipes/decorations/crafting_table": {
    "criteria": {
      "unlock_right_away": "2024-10-28 22:41:10 +0100"
    },
    "done": true
  },
  "decoration_delight:the_search_begins_advancement": {
    "criteria": {
      "the_search_begins_advancement": "2024-10-28 22:41:10 +0100"
    },
    "done": true
  },
  "seadwellers:adv_root": {
    "criteria": {
      "adv_root": "2024-10-28 22:41:10 +0100"
    },
    "done": true
  },
  "irons_spellbooks:grant_patchouli": {
    "criteria": {
      "tick": "2024-10-28 22:41:10 +0100"
    },
    "done": true
  },
  "iceandfire:iceandfire/root": {
    "criteria": {
      "tick": "2024-10-28 22:41:10 +0100"
    },
    "done": true
  },
  "crabbersdelight:main/root": {
    "criteria": {
      "seeds": "2024-10-28 22:41:10 +0100"
    },
    "done": true
  },
  "vs_eureka:recipes/ship_helm": {
    "criteria": {
      "has_gold": "2024-10-28 22:41:10 +0100"
    },
    "done": true
  },
  "vs_eureka:recipes/balloon_membrane": {
    "criteria": {
      "has_membrane": "2024-10-28 22:41:10 +0100"
    },
    "done": true
  },
  "idas:idas_root": {
    "criteria": {
      "always": "2024-10-28 22:41:10 +0100"
    },
    "done": true
  },
  "etched:recipes/misc/music_label": {
    "criteria": {
      "has_blank_music_disc": "2024-10-28 22:41:10 +0100"
    },
    "done": true
  },
  "beautify:progression/root": {
    "criteria": {
      "Install": "2024-10-28 22:41:10 +0100"
    },
    "done": true
  },
  "mowziesmobs:root": {
    "criteria": {
      "custom_test_name": "2024-10-28 22:41:10 +0100"
    },
    "done": true
  },
  "terramity:terramity_parent_advancement": {
    "criteria": {
      "terramity_parent_advancement_0": "2024-10-28 22:41:10 +0100"
    },
    "done": true
  },
  "the_bumblezone:root": {
    "criteria": {
      "instant_granted": "2024-10-28 22:41:10 +0100"
    },
    "done": true
  },
  "vs_eureka:recipes/balloon_paper": {
    "criteria": {
      "has_paper": "2024-10-28 22:41:10 +0100"
    },
    "done": true
  },
  "create_connected:root": {
    "criteria": {
      "0": "2024-10-28 22:41:10 +0100"
    },
    "done": true
  },
  "etched:recipes/misc/boombox": {
    "criteria": {
      "has_jukebox": "2024-10-28 22:41:10 +0100"
    },
    "done": true
  },
  "farmersdelight:main/root": {
    "criteria": {
      "seeds": "2024-10-28 22:41:10 +0100"
    },
    "done": true
  },
  "apotheosis:give_book": {
    "criteria": {
      "tick": "2024-10-28 22:41:10 +0100"
    },
    "done": true
  },
  "decoration_delight:decoration_101_advancement": {
    "criteria": {
      "decoration_101_advancement": "2024-10-28 22:41:10 +0100"
    },
    "done": true
  },
  "takesapillage:root": {
    "criteria": {
      "always": "2024-10-28 22:41:10 +0100"
    },
    "done": true
  },
  "create:root": {
    "criteria": {
      "0": "2024-10-28 22:41:10 +0100"
    },
    "done": true
  },
  "naturalist:recipes/food/cooked_egg": {
    "criteria": {
      "has_eggs": "2024-10-28 22:41:10 +0100"
    },
    "done": true
  },
  "numismatics:root": {
    "criteria": {
      "0": "2024-10-28 22:41:10 +0100"
    },
    "done": true
  },
  "vs_eureka:recipes/balloon_color": {
    "criteria": {
      "has_red_balloon": "2024-10-28 22:41:10 +0100",
      "has_black_balloon": "2024-10-28 22:41:10 +0100",
      "has_lime_balloon": "2024-10-28 22:41:10 +0100",
      "has_cyan_balloon": "2024-10-28 22:41:10 +0100",
      "has_light_blue_balloon": "2024-10-28 22:41:10 +0100",
      "has_gray_balloon": "2024-10-28 22:41:10 +0100",
      "has_pink_balloon": "2024-10-28 22:41:10 +0100",
      "has_light_gray_balloon": "2024-10-28 22:41:10 +0100",
      "has_white_balloon": "2024-10-28 22:41:10 +0100",
      "has_blue_balloon": "2024-10-28 22:41:10 +0100",
      "has_yellow_balloon": "2024-10-28 22:41:10 +0100",
      "has_purple_balloon": "2024-10-28 22:41:10 +0100",
      "has_orange_balloon": "2024-10-28 22:41:10 +0100",
      "has_brown_balloon": "2024-10-28 22:41:10 +0100",
      "has_green_balloon": "2024-10-28 22:41:10 +0100",
      "has_magenta_balloon": "2024-10-28 22:41:10 +0100"
    },
    "done": true
  },
  "scguns:main/root": {
    "criteria": {
      "gun": "2024-10-28 22:41:10 +0100"
    },
    "done": true
  },
  "born_in_chaos_v1:bornin_chaos": {
    "criteria": {
      "bornin_chaos_0": "2024-10-28 22:41:10 +0100"
    },
    "done": true
  },
  "etched:recipes/decorations/album_jukebox": {
    "criteria": {
      "has_jukebox": "2024-10-28 22:41:10 +0100"
    },
    "done": true
  },
  "dimdungeons:dungeons/root": {
    "criteria": {
      "keystone_block": "2024-10-28 22:41:10 +0100"
    },
    "done": true
  },
  "vinery:main/root": {
    "criteria": {
      "seeds": "2024-10-28 22:41:10 +0100"
    },
    "done": true
  },
  "etched:recipes/transportation/jukebox_minecart": {
    "criteria": {
      "has_minecart": "2024-10-28 22:41:10 +0100"
    },
    "done": true
  },
  "moredelight:main/root": {
    "criteria": {
      "seeds": "2024-10-28 22:41:10 +0100"
    },
    "done": true
  },
  "morevillagers:root": {
    "criteria": {
      "always": "2024-10-28 22:41:10 +0100"
    },
    "done": true
  },
  "battletowers:root": {
    "criteria": {
      "Tick": "2024-10-28 22:41:10 +0100"
    },
    "done": true
  },
  "vampiresdelight:main/root": {
    "criteria": {
      "seeds": "2024-10-28 22:41:10 +0100"
    },
    "done": true
  },
  "dungeons_arise:wda_root": {
    "criteria": {
      "WDA": "2024-10-28 22:41:10 +0100"
    },
    "done": true
  },
  "vs_eureka:recipes/balloon_leather": {
    "criteria": {
      "has_leather": "2024-10-28 22:41:10 +0100"
    },
    "done": true
  },
  "lootr:root": {
    "criteria": {
      "always_true": "2024-10-28 22:41:10 +0100"
    },
    "done": true
  },
  "cataclysm:root": {
    "criteria": {
      "custom_test_name": "2024-10-28 22:41:10 +0100"
    },
    "done": true
  },
  "the_bumblezone:wiki": {
    "criteria": {
      "instant_granted": "2024-10-28 22:41:10 +0100"
    },
    "done": true
  },
  "brewery:main/root": {
    "criteria": {
      "seeds": "2024-10-28 22:41:10 +0100"
    },
    "done": true
  },
  "regions_unexplored:regions_explored": {
    "criteria": {
      "ochard": "2024-10-30 19:30:48 +0100",
      "grassland": "2024-10-28 22:41:11 +0100"
    },
    "done": false
  },
  "regions_unexplored:pioneer": {
    "criteria": {
      "ochard": "2024-10-30 19:30:48 +0100",
      "grassland": "2024-10-28 22:41:11 +0100"
    },
    "done": false
  },
  "regions_unexplored:parent": {
    "criteria": {
      "load_in_world": "2024-10-28 22:41:11 +0100"
    },
    "done": true
  },
  "mutantmonsters:root": {
    "criteria": {
      "killed_by_something": "2024-10-28 22:41:28 +0100"
    },
    "done": true
  },
  "minecraft:adventure/root": {
    "criteria": {
      "killed_by_something": "2024-10-28 22:41:28 +0100"
    },
    "done": true
  },
  "nova_structures:adventure/find_all_illager_structures": {
    "criteria": {
      "tavern_dark_oak": "2024-10-30 19:30:32 +0100"
    },
    "done": false
  },
  "nova_structures:adventure/find_tavern": {
    "criteria": {
      "nova_structures:tavern_dark_oak": "2024-10-30 19:30:33 +0100"
    },
    "done": true
  },
  "nova_structures:root": {
    "criteria": {
      "nova_structures:adventure/find_tavern": "2024-10-30 19:30:33 +0100"
    },
    "done": true
  },
  "regions_unexplored:recipes/transportation/maple_boat": {
    "criteria": {
      "in_water": "2024-10-30 19:35:15 +0100"
    },
    "done": true
  },
  "regions_unexplored:recipes/transportation/magnolia_boat": {
    "criteria": {
      "in_water": "2024-10-30 19:35:15 +0100"
    },
    "done": true
  },
  "undergarden:recipes/transportation/grongle_boat": {
    "criteria": {
      "in_water": "2024-10-30 19:35:15 +0100"
    },
    "done": true
  },
  "werewolves:recipes/transportation/magic_boat": {
    "criteria": {
      "in_water": "2024-10-30 19:35:15 +0100"
    },
    "done": true
  },
  "twilightforest:recipes/transportation/mangrove_boat": {
    "criteria": {
      "in_water": "2024-10-30 19:35:15 +0100"
    },
    "done": true
  },
  "regions_unexplored:recipes/transportation/socotra_boat": {
    "criteria": {
      "in_water": "2024-10-30 19:35:15 +0100"
    },
    "done": true
  },
  "twilightforest:recipes/transportation/canopy_boat": {
    "criteria": {
      "in_water": "2024-10-30 19:35:15 +0100"
    },
    "done": true
  },
  "minecraft:recipes/transportation/bamboo_raft": {
    "criteria": {
      "in_water": "2024-10-30 19:35:15 +0100"
    },
    "done": true
  },
  "regions_unexplored:recipes/transportation/kapok_boat": {
    "criteria": {
      "in_water": "2024-10-30 19:35:15 +0100"
    },
    "done": true
  },
  "regions_unexplored:recipes/transportation/cypress_boat": {
    "criteria": {
      "in_water": "2024-10-30 19:35:15 +0100"
    },
    "done": true
  },
  "supplementaries:recipes/flower_box": {
    "criteria": {
      "has_dirt": "2024-10-30 19:35:15 +0100"
    },
    "done": true
  },
  "regions_unexplored:recipes/transportation/oak_boat": {
    "criteria": {
      "in_water": "2024-10-30 19:35:15 +0100"
    },
    "done": true
  },
  "minecraft:recipes/transportation/birch_boat": {
    "criteria": {
      "in_water": "2024-10-30 19:35:15 +0100"
    },
    "done": true
  },
  "minecraft:recipes/transportation/oak_boat": {
    "criteria": {
      "in_water": "2024-10-30 19:35:15 +0100"
    },
    "done": true
  },
  "regions_unexplored:recipes/transportation/redwood_boat": {
    "criteria": {
      "in_water": "2024-10-30 19:35:15 +0100"
    },
    "done": true
  },
  "vampirism:recipes/transportation/dark_spruce_boat": {
    "criteria": {
      "in_water": "2024-10-30 19:35:15 +0100"
    },
    "done": true
  },
  "regions_unexplored:recipes/transportation/willow_boat": {
    "criteria": {
      "in_water": "2024-10-30 19:35:15 +0100"
    },
    "done": true
  },
  "deeperdarker:recipes/transportation/echo_boat": {
    "criteria": {
      "in_water": "2024-10-30 19:35:15 +0100"
    },
    "done": true
  },
  "aether:recipes/transportation/skyroot_boat": {
    "criteria": {
      "in_water": "2024-10-30 19:35:15 +0100"
    },
    "done": true
  },
  "deeperdarker:recipes/transportation/bloom_boat": {
    "criteria": {
      "in_water": "2024-10-30 19:35:15 +0100"
    },
    "done": true
  },
  "minecraft:recipes/transportation/cherry_boat": {
    "criteria": {
      "in_water": "2024-10-30 19:35:15 +0100"
    },
    "done": true
  },
  "vinery:recipes/dirt_slab": {
    "criteria": {
      "has_dirt": "2024-10-30 19:35:15 +0100"
    },
    "done": true
  },
  "werewolves:recipes/transportation/jacaranda_boat": {
    "criteria": {
      "in_water": "2024-10-30 19:35:15 +0100"
    },
    "done": true
  },
  "minecraft:recipes/transportation/acacia_boat": {
    "criteria": {
      "in_water": "2024-10-30 19:35:15 +0100"
    },
    "done": true
  },
  "minecraft:recipes/transportation/jungle_boat": {
    "criteria": {
      "in_water": "2024-10-30 19:35:15 +0100"
    },
    "done": true
  },
  "twilightforest:recipes/transportation/mining_boat": {
    "criteria": {
      "in_water": "2024-10-30 19:35:15 +0100"
    },
    "done": true
  },
  "regions_unexplored:recipes/transportation/pine_boat": {
    "criteria": {
      "in_water": "2024-10-30 19:35:15 +0100"
    },
    "done": true
  },
  "minecraft:recipes/transportation/spruce_boat": {
    "criteria": {
      "in_water": "2024-10-30 19:35:15 +0100"
    },
    "done": true
  },
  "regions_unexplored:recipes/transportation/dead_boat": {
    "criteria": {
      "in_water": "2024-10-30 19:35:15 +0100"
    },
    "done": true
  },
  "vampirism:recipes/transportation/cursed_spruce_boat": {
    "criteria": {
      "in_water": "2024-10-30 19:35:15 +0100"
    },
    "done": true
  },
  "minecraft:recipes/transportation/mangrove_boat": {
    "criteria": {
      "in_water": "2024-10-30 19:35:15 +0100"
    },
    "done": true
  },
  "undergarden:recipes/transportation/smogstem_boat": {
    "criteria": {
      "in_water": "2024-10-30 19:35:15 +0100"
    },
    "done": true
  },
  "regions_unexplored:recipes/transportation/baobab_boat": {
    "criteria": {
      "in_water": "2024-10-30 19:35:15 +0100"
    },
    "done": true
  },
  "twilightforest:recipes/transportation/sorting_boat": {
    "criteria": {
      "in_water": "2024-10-30 19:35:15 +0100"
    },
    "done": true
  },
  "regions_unexplored:recipes/transportation/joshua_boat": {
    "criteria": {
      "in_water": "2024-10-30 19:35:15 +0100"
    },
    "done": true
  },
  "minecraft:recipes/transportation/dark_oak_boat": {
    "criteria": {
      "in_water": "2024-10-30 19:35:15 +0100"
    },
    "done": true
  },
  "regions_unexplored:recipes/transportation/larch_boat": {
    "criteria": {
      "in_water": "2024-10-30 19:35:15 +0100"
    },
    "done": true
  },
  "regions_unexplored:recipes/transportation/blackwood_boat": {
    "criteria": {
      "in_water": "2024-10-30 19:35:15 +0100"
    },
    "done": true
  },
  "twilightforest:recipes/transportation/twilight_oak_boat": {
    "criteria": {
      "in_water": "2024-10-30 19:35:15 +0100"
    },
    "done": true
  },
  "twilightforest:recipes/transportation/time_boat": {
    "criteria": {
      "in_water": "2024-10-30 19:35:15 +0100"
    },
    "done": true
  },
  "regions_unexplored:recipes/transportation/eucalyptus_boat": {
    "criteria": {
      "in_water": "2024-10-30 19:35:15 +0100"
    },
    "done": true
  },
  "regions_unexplored:recipes/transportation/palm_boat": {
    "criteria": {
      "in_water": "2024-10-30 19:35:15 +0100"
    },
    "done": true
  },
  "twilightforest:recipes/transportation/transformation_boat": {
    "criteria": {
      "in_water": "2024-10-30 19:35:15 +0100"
    },
    "done": true
  },
  "undergarden:recipes/transportation/wigglewood_boat": {
    "criteria": {
      "in_water": "2024-10-30 19:35:15 +0100"
    },
    "done": true
  },
  "regions_unexplored:recipes/transportation/mauve_boat": {
    "criteria": {
      "in_water": "2024-10-30 19:35:15 +0100"
    },
    "done": true
  },
  "twilightforest:recipes/transportation/dark_boat": {
    "criteria": {
      "in_water": "2024-10-30 19:35:15 +0100"
    },
    "done": true
  },
  "DataVersion": 3465
}